worm_strain,imaging_plate_id,well_name,bluelight,date_yyyymmdd,n_skeletons
0.0,0,0,prestim,20211002,7363
0.0,0,1,prestim,20211002,5787
0.0,0,2,prestim,20211002,5508
0.0,0,3,prestim,20211002,4804
0.0,0,4,prestim,20211002,6538
0.0,0,5,prestim,20211002,3208
0.0,0,6,prestim,20211002,4979
0.0,0,7,prestim,20211002,4912
0.0,0,8,prestim,20211002,7331
0.0,0,9,prestim,20211002,7194
0.0,1,0,prestim,20211002,4737
0.0,1,1,prestim,20211002,5932
0.0,1,2,prestim,20211002,4179
0.0,1,3,prestim,20211002,6372
0.0,1,4,prestim,20211002,3920
0.0,1,5,prestim,20211002,4206
0.0,1,6,prestim,20211002,3675
0.0,1,7,prestim,20211002,2364
0.0,1,8,prestim,20211002,3996
0.0,1,9,prestim,20211002,5431
0.0,2,0,prestim,20211002,6237
0.0,2,1,prestim,20211002,5999
0.0,2,2,prestim,20211002,4561
0.0,2,3,prestim,20211002,5415
0.0,2,4,prestim,20211002,5088
0.0,2,5,prestim,20211002,2616
0.0,2,6,prestim,20211002,4056
0.0,2,7,prestim,20211002,2499
0.0,2,8,prestim,20211002,5244
0.0,2,9,prestim,20211002,3504
0.0,3,0,prestim,20211002,5207
0.0,3,1,prestim,20211002,5557
0.0,3,2,prestim,20211002,3647
0.0,3,3,prestim,20211002,6072
0.0,3,4,prestim,20211002,1923
0.0,3,5,prestim,20211002,1751
0.0,3,6,prestim,20211002,6722
0.0,3,7,prestim,20211002,5066
0.0,3,8,prestim,20211002,6366
0.0,3,9,prestim,20211002,6182
0.0,4,0,prestim,20211002,3481
0.0,4,1,prestim,20211002,6876
0.0,4,2,prestim,20211002,4259
0.0,4,3,prestim,20211002,6581
0.0,4,4,prestim,20211002,2933
0.0,4,5,prestim,20211002,6575
0.0,4,6,prestim,20211002,1802
0.0,4,7,prestim,20211002,6695
0.0,4,8,prestim,20211002,2004
0.0,4,9,prestim,20211002,2090
0.0,5,0,prestim,20211002,7052
0.0,5,1,prestim,20211002,6048
0.0,5,2,prestim,20211002,3543
0.0,5,3,prestim,20211002,3539
0.0,5,4,prestim,20211002,6578
0.0,5,5,prestim,20211002,3380
0.0,5,6,prestim,20211002,7305
0.0,5,7,prestim,20211002,6680
0.0,5,8,prestim,20211002,1963
0.0,5,9,prestim,20211002,5503
0.0,6,0,prestim,20211002,2451
0.0,6,1,prestim,20211002,5924
0.0,6,2,prestim,20211002,5179
0.0,6,3,prestim,20211002,3307
0.0,6,4,prestim,20211002,2685
0.0,6,5,prestim,20211002,2958
0.0,6,6,prestim,20211002,6611
0.0,6,7,prestim,20211002,3982
0.0,6,8,prestim,20211002,7375
0.0,6,9,prestim,20211002,5003
0.0,7,0,prestim,20211002,4155
0.0,7,1,prestim,20211002,2573
0.0,7,2,prestim,20211002,5904
0.0,7,3,prestim,20211002,5739
0.0,7,4,prestim,20211002,4314
0.0,7,5,prestim,20211002,4633
0.0,7,6,prestim,20211002,1665
0.0,7,7,prestim,20211002,6078
0.0,7,8,prestim,20211002,5438
0.0,7,9,prestim,20211002,3048
0.0,8,0,prestim,20211002,2310
0.0,8,1,prestim,20211002,1977
0.0,8,2,prestim,20211002,4031
0.0,8,3,prestim,20211002,1598
0.0,8,4,prestim,20211002,4540
0.0,8,5,prestim,20211002,2530
0.0,8,6,prestim,20211002,4743
0.0,8,7,prestim,20211002,7258
0.0,8,8,prestim,20211002,2356
0.0,8,9,prestim,20211002,6487
0.0,9,0,prestim,20211002,4626
0.0,9,1,prestim,20211002,7177
0.0,9,2,prestim,20211002,3527
0.0,9,3,prestim,20211002,4317
0.0,9,4,prestim,20211002,4893
0.0,9,5,prestim,20211002,4832
0.0,9,6,prestim,20211002,2911
0.0,9,7,prestim,20211002,3805
0.0,9,8,prestim,20211002,7196
0.0,9,9,prestim,20211002,3000
1.0,0,10,prestim,20211002,4174
1.0,0,11,prestim,20211002,2356
1.0,0,12,prestim,20211002,5836
1.0,0,13,prestim,20211002,4868
1.0,0,14,prestim,20211002,2503
1.0,0,15,prestim,20211002,7348
1.0,0,16,prestim,20211002,3889
1.0,0,17,prestim,20211002,2367
1.0,0,18,prestim,20211002,5111
1.0,0,19,prestim,20211002,6873
1.0,1,10,prestim,20211002,7275
1.0,1,11,prestim,20211002,6531
1.0,1,12,prestim,20211002,1503
1.0,1,13,prestim,20211002,2461
1.0,1,14,prestim,20211002,5500
1.0,1,15,prestim,20211002,4134
1.0,1,16,prestim,20211002,4697
1.0,1,17,prestim,20211002,6881
1.0,1,18,prestim,20211002,4384
1.0,1,19,prestim,20211002,5890
1.0,2,10,prestim,20211002,6212
1.0,2,11,prestim,20211002,3800
1.0,2,12,prestim,20211002,7464
1.0,2,13,prestim,20211002,4152
1.0,2,14,prestim,20211002,1954
1.0,2,15,prestim,20211002,1854
1.0,2,16,prestim,20211002,7252
1.0,2,17,prestim,20211002,4833
1.0,2,18,prestim,20211002,2698
1.0,2,19,prestim,20211002,6165
1.0,3,10,prestim,20211002,5387
1.0,3,11,prestim,20211002,4652
1.0,3,12,prestim,20211002,3758
1.0,3,13,prestim,20211002,2787
1.0,3,14,prestim,20211002,5454
1.0,3,15,prestim,20211002,7009
1.0,3,16,prestim,20211002,2623
1.0,3,17,prestim,20211002,6848
1.0,3,18,prestim,20211002,2047
1.0,3,19,prestim,20211002,5059
1.0,4,10,prestim,20211002,3882
1.0,4,11,prestim,20211002,6749
1.0,4,12,prestim,20211002,5114
1.0,4,13,prestim,20211002,1628
1.0,4,14,prestim,20211002,4900
1.0,4,15,prestim,20211002,3243
1.0,4,16,prestim,20211002,3264
1.0,4,17,prestim,20211002,2063
1.0,4,18,prestim,20211002,4511
1.0,4,19,prestim,20211002,4325
1.0,5,10,prestim,20211002,7196
1.0,5,11,prestim,20211002,2189
1.0,5,12,prestim,20211002,6326
1.0,5,13,prestim,20211002,6515
1.0,5,14,prestim,20211002,2995
1.0,5,15,prestim,20211002,4721
1.0,5,16,prestim,20211002,1880
1.0,5,17,prestim,20211002,4990
1.0,5,18,prestim,20211002,6005
1.0,5,19,prestim,20211002,3410
1.0,6,10,prestim,20211002,6225
1.0,6,11,prestim,20211002,2604
1.0,6,12,prestim,20211002,2498
1.0,6,13,prestim,20211002,6766
1.0,6,14,prestim,20211002,6752
1.0,6,15,prestim,20211002,1532
1.0,6,16,prestim,20211002,3331
1.0,6,17,prestim,20211002,2757
1.0,6,18,prestim,20211002,4869
1.0,6,19,prestim,20211002,7384
1.0,7,10,prestim,20211002,6353
1.0,7,11,prestim,20211002,3345
1.0,7,12,prestim,20211002,3820
1.0,7,13,prestim,20211002,3400
1.0,7,14,prestim,20211002,7120
1.0,7,15,prestim,20211002,3328
1.0,7,16,prestim,20211002,3049
1.0,7,17,prestim,20211002,5893
1.0,7,18,prestim,20211002,2406
1.0,7,19,prestim,20211002,7221
1.0,8,10,prestim,20211002,5925
1.0,8,11,prestim,20211002,6830
1.0,8,12,prestim,20211002,4709
1.0,8,13,prestim,20211002,4711
1.0,8,14,prestim,20211002,3857
1.0,8,15,prestim,20211002,5337
1.0,8,16,prestim,20211002,5210
1.0,8,17,prestim,20211002,5994
1.0,8,18,prestim,20211002,1541
1.0,8,19,prestim,20211002,2430
1.0,9,10,prestim,20211002,7233
1.0,9,11,prestim,20211002,4229
1.0,9,12,prestim,20211002,2799
1.0,9,13,prestim,20211002,1875
1.0,9,14,prestim,20211002,7101
1.0,9,15,prestim,20211002,5273
1.0,9,16,prestim,20211002,6975
1.0,9,17,prestim,20211002,1668
1.0,9,18,prestim,20211002,2186
1.0,9,19,prestim,20211002,6072
2.0,0,20,prestim,20211002,7136
2.0,0,21,prestim,20211002,2887
2.0,0,22,prestim,20211002,2749
2.0,0,23,prestim,20211002,5799
2.0,0,24,prestim,20211002,5804
2.0,0,25,prestim,20211002,7049
2.0,0,26,prestim,20211002,3492
2.0,0,27,prestim,20211002,5991
2.0,0,28,prestim,20211002,7373
2.0,0,29,prestim,20211002,6728
2.0,1,20,prestim,20211002,6995
2.0,1,21,prestim,20211002,3283
2.0,1,22,prestim,20211002,4201
2.0,1,23,prestim,20211002,5958
2.0,1,24,prestim,20211002,2857
2.0,1,25,prestim,20211002,5711
2.0,1,26,prestim,20211002,6470
2.0,1,27,prestim,20211002,3302
2.0,1,28,prestim,20211002,3295
2.0,1,29,prestim,20211002,2517
2.0,2,20,prestim,20211002,3560
2.0,2,21,prestim,20211002,7445
2.0,2,22,prestim,20211002,6653
2.0,2,23,prestim,20211002,7223
2.0,2,24,prestim,20211002,5290
2.0,2,25,prestim,20211002,4516
2.0,2,26,prestim,20211002,5762
2.0,2,27,prestim,20211002,6042
2.0,2,28,prestim,20211002,2504
2.0,2,29,prestim,20211002,4595
2.0,3,20,prestim,20211002,2962
2.0,3,21,prestim,20211002,6259
2.0,3,22,prestim,20211002,3118
2.0,3,23,prestim,20211002,3781
2.0,3,24,prestim,20211002,6014
2.0,3,25,prestim,20211002,3767
2.0,3,26,prestim,20211002,5551
2.0,3,27,prestim,20211002,4846
2.0,3,28,prestim,20211002,6463
2.0,3,29,prestim,20211002,2491
2.0,4,20,prestim,20211002,4758
2.0,4,21,prestim,20211002,7429
2.0,4,22,prestim,20211002,1854
2.0,4,23,prestim,20211002,1666
2.0,4,24,prestim,20211002,6413
2.0,4,25,prestim,20211002,2643
2.0,4,26,prestim,20211002,4061
2.0,4,27,prestim,20211002,4912
2.0,4,28,prestim,20211002,6965
2.0,4,29,prestim,20211002,4947
2.0,5,20,prestim,20211002,5353
2.0,5,21,prestim,20211002,4749
2.0,5,22,prestim,20211002,1662
2.0,5,23,prestim,20211002,5800
2.0,5,24,prestim,20211002,4771
2.0,5,25,prestim,20211002,4259
2.0,5,26,prestim,20211002,1965
2.0,5,27,prestim,20211002,5676
2.0,5,28,prestim,20211002,5685
2.0,5,29,prestim,20211002,6495
2.0,6,20,prestim,20211002,3359
2.0,6,21,prestim,20211002,5210
2.0,6,22,prestim,20211002,3006
2.0,6,23,prestim,20211002,6046
2.0,6,24,prestim,20211002,5883
2.0,6,25,prestim,20211002,1500
2.0,6,26,prestim,20211002,5142
2.0,6,27,prestim,20211002,4117
2.0,6,28,prestim,20211002,4113
2.0,6,29,prestim,20211002,5455
2.0,7,20,prestim,20211002,3573
2.0,7,21,prestim,20211002,4867
2.0,7,22,prestim,20211002,6010
2.0,7,23,prestim,20211002,4713
2.0,7,24,prestim,20211002,3543
2.0,7,25,prestim,20211002,2086
2.0,7,26,prestim,20211002,6638
2.0,7,27,prestim,20211002,5132
2.0,7,28,prestim,20211002,1619
2.0,7,29,prestim,20211002,7044
2.0,8,20,prestim,20211002,7486
2.0,8,21,prestim,20211002,3003
2.0,8,22,prestim,20211002,7290
2.0,8,23,prestim,20211002,2466
2.0,8,24,prestim,20211002,5159
2.0,8,25,prestim,20211002,1862
2.0,8,26,prestim,20211002,4290
2.0,8,27,prestim,20211002,1688
2.0,8,28,prestim,20211002,6528
2.0,8,29,prestim,20211002,3903
2.0,9,20,prestim,20211002,2187
2.0,9,21,prestim,20211002,2834
2.0,9,22,prestim,20211002,6672
2.0,9,23,prestim,20211002,2596
2.0,9,24,prestim,20211002,4730
2.0,9,25,prestim,20211002,7040
2.0,9,26,prestim,20211002,2240
2.0,9,27,prestim,20211002,6673
2.0,9,28,prestim,20211002,2635
2.0,9,29,prestim,20211002,7027
0.0,0,0,bluelight,20211002,4522
0.0,0,1,bluelight,20211002,3970
0.0,0,2,bluelight,20211002,5136
0.0,0,3,bluelight,20211002,3458
0.0,0,4,bluelight,20211002,5460
0.0,0,5,bluelight,20211002,4879
0.0,0,6,bluelight,20211002,6366
0.0,0,7,bluelight,20211002,4446
0.0,0,8,bluelight,20211002,6835
0.0,0,9,bluelight,20211002,5583
0.0,1,0,bluelight,20211002,3800
0.0,1,1,bluelight,20211002,4730
0.0,1,2,bluelight,20211002,2744
0.0,1,3,bluelight,20211002,3432
0.0,1,4,bluelight,20211002,4995
0.0,1,5,bluelight,20211002,6183
0.0,1,6,bluelight,20211002,6043
0.0,1,7,bluelight,20211002,3643
0.0,1,8,bluelight,20211002,6913
0.0,1,9,bluelight,20211002,3754
0.0,2,0,bluelight,20211002,5778
0.0,2,1,bluelight,20211002,5251
0.0,2,2,bluelight,20211002,2043
0.0,2,3,bluelight,20211002,3037
0.0,2,4,bluelight,20211002,3503
0.0,2,5,bluelight,20211002,4200
0.0,2,6,bluelight,20211002,5120
0.0,2,7,bluelight,20211002,2540
0.0,2,8,bluelight,20211002,4905
0.0,2,9,bluelight,20211002,3956
0.0,3,0,bluelight,20211002,6288
0.0,3,1,bluelight,20211002,4754
0.0,3,2,bluelight,20211002,4424
0.0,3,3,bluelight,20211002,1776
0.0,3,4,bluelight,20211002,5782
0.0,3,5,bluelight,20211002,3330
0.0,3,6,bluelight,20211002,4609
0.0,3,7,bluelight,20211002,2281
0.0,3,8,bluelight,20211002,4105
0.0,3,9,bluelight,20211002,7386
0.0,4,0,bluelight,20211002,4480
0.0,4,1,bluelight,20211002,4628
0.0,4,2,bluelight,20211002,5314
0.0,4,3,bluelight,20211002,6321
0.0,4,4,bluelight,20211002,7358
0.0,4,5,bluelight,20211002,6454
0.0,4,6,bluelight,20211002,5048
0.0,4,7,bluelight,20211002,6310
0.0,4,8,bluelight,20211002,1597
0.0,4,9,bluelight,20211002,7194
0.0,5,0,bluelight,20211002,4817
0.0,5,1,bluelight,20211002,2585
0.0,5,2,bluelight,20211002,2905
0.0,5,3,bluelight,20211002,6617
0.0,5,4,bluelight,20211002,4787
0.0,5,5,bluelight,20211002,7484
0.0,5,6,bluelight,20211002,6523
0.0,5,7,bluelight,20211002,4989
0.0,5,8,bluelight,20211002,6266
0.0,5,9,bluelight,20211002,4585
0.0,6,0,bluelight,20211002,5385
0.0,6,1,bluelight,20211002,6050
0.0,6,2,bluelight,20211002,7016
0.0,6,3,bluelight,20211002,2240
0.0,6,4,bluelight,20211002,6913
0.0,6,5,bluelight,20211002,4853
0.0,6,6,bluelight,20211002,3169
0.0,6,7,bluelight,20211002,2841
0.0,6,8,bluelight,20211002,2474
0.0,6,9,bluelight,20211002,5114
0.0,7,0,bluelight,20211002,5397
0.0,7,1,bluelight,20211002,5100
0.0,7,2,bluelight,20211002,4659
0.0,7,3,bluelight,20211002,1667
0.0,7,4,bluelight,20211002,3045
0.0,7,5,bluelight,20211002,5582
0.0,7,6,bluelight,20211002,4152
0.0,7,7,bluelight,20211002,6056
0.0,7,8,bluelight,20211002,7191
0.0,7,9,bluelight,20211002,2063
0.0,8,0,bluelight,20211002,2474
0.0,8,1,bluelight,20211002,6982
0.0,8,2,bluelight,20211002,1502
0.0,8,3,bluelight,20211002,3212
0.0,8,4,bluelight,20211002,4880
0.0,8,5,bluelight,20211002,4455
0.0,8,6,bluelight,20211002,3624
0.0,8,7,bluelight,20211002,2560
0.0,8,8,bluelight,20211002,3021
0.0,8,9,bluelight,20211002,6610
0.0,9,0,bluelight,20211002,7381
0.0,9,1,bluelight,20211002,7448
0.0,9,2,bluelight,20211002,7397
0.0,9,3,bluelight,20211002,5159
0.0,9,4,bluelight,20211002,1575
0.0,9,5,bluelight,20211002,6992
0.0,9,6,bluelight,20211002,6280
0.0,9,7,bluelight,20211002,4827
0.0,9,8,bluelight,20211002,6416
0.0,9,9,bluelight,20211002,3082
1.0,0,10,bluelight,20211002,3196
1.0,0,11,bluelight,20211002,4484
1.0,0,12,bluelight,20211002,3625
1.0,0,13,bluelight,20211002,6774
1.0,0,14,bluelight,20211002,4045
1.0,0,15,bluelight,20211002,3386
1.0,0,16,bluelight,20211002,7212
1.0,0,17,bluelight,20211002,1867
1.0,0,18,bluelight,20211002,4690
1.0,0,19,bluelight,20211002,4570
1.0,1,10,bluelight,20211002,4829
1.0,1,11,bluelight,20211002,3846
1.0,1,12,bluelight,20211002,6953
1.0,1,13,bluelight,20211002,1784
1.0,1,14,bluelight,20211002,2421
1.0,1,15,bluelight,20211002,3976
1.0,1,16,bluelight,20211002,1931
1.0,1,17,bluelight,20211002,6773
1.0,1,18,bluelight,20211002,1629
1.0,1,19,bluelight,20211002,2904
1.0,2,10,bluelight,20211002,6679
1.0,2,11,bluelight,20211002,6037
1.0,2,12,bluelight,20211002,4097
1.0,2,13,bluelight,20211002,2990
1.0,2,14,bluelight,20211002,3600
1.0,2,15,bluelight,20211002,4893
1.0,2,16,bluelight,20211002,4426
1.0,2,17,bluelight,20211002,6710
1.0,2,18,bluelight,20211002,4299
1.0,2,19,bluelight,20211002,4960
1.0,3,10,bluelight,20211002,7406
1.0,3,11,bluelight,20211002,4712
1.0,3,12,bluelight,20211002,1592
1.0,3,13,bluelight,20211002,4300
1.0,3,14,bluelight,20211002,3570
1.0,3,15,bluelight,20211002,6043
1.0,3,16,bluelight,20211002,2770
1.0,3,17,bluelight,20211002,2558
1.0,3,18,bluelight,20211002,7354
1.0,3,19,bluelight,20211002,2668
1.0,4,10,bluelight,20211002,1539
1.0,4,11,bluelight,20211002,1836
1.0,4,12,bluelight,20211002,4628
1.0,4,13,bluelight,20211002,1730
1.0,4,14,bluelight,20211002,3403
1.0,4,15,bluelight,20211002,4213
1.0,4,16,bluelight,20211002,6471
1.0,4,17,bluelight,20211002,3064
1.0,4,18,bluelight,20211002,2702
1.0,4,19,bluelight,20211002,5414
1.0,5,10,bluelight,20211002,5648
1.0,5,11,bluelight,20211002,6864
1.0,5,12,bluelight,20211002,7412
1.0,5,13,bluelight,20211002,5243
1.0,5,14,bluelight,20211002,5833
1.0,5,15,bluelight,20211002,4086
1.0,5,16,bluelight,20211002,2228
1.0,5,17,bluelight,20211002,7168
1.0,5,18,bluelight,20211002,6254
1.0,5,19,bluelight,20211002,5880
1.0,6,10,bluelight,20211002,2077
1.0,6,11,bluelight,20211002,6963
1.0,6,12,bluelight,20211002,5288
1.0,6,13,bluelight,20211002,2107
1.0,6,14,bluelight,20211002,4630
1.0,6,15,bluelight,20211002,6696
1.0,6,16,bluelight,20211002,4500
1.0,6,17,bluelight,20211002,2041
1.0,6,18,bluelight,20211002,4916
1.0,6,19,bluelight,20211002,4951
1.0,7,10,bluelight,20211002,4535
1.0,7,11,bluelight,20211002,4574
1.0,7,12,bluelight,20211002,3456
1.0,7,13,bluelight,20211002,2938
1.0,7,14,bluelight,20211002,3571
1.0,7,15,bluelight,20211002,3877
1.0,7,16,bluelight,20211002,5750
1.0,7,17,bluelight,20211002,2903
1.0,7,18,bluelight,20211002,3046
1.0,7,19,bluelight,20211002,7397
1.0,8,10,bluelight,20211002,7080
1.0,8,11,bluelight,20211002,4928
1.0,8,12,bluelight,20211002,5765
1.0,8,13,bluelight,20211002,5496
1.0,8,14,bluelight,20211002,6385
1.0,8,15,bluelight,20211002,6135
1.0,8,16,bluelight,20211002,4922
1.0,8,17,bluelight,20211002,5510
1.0,8,18,bluelight,20211002,5720
1.0,8,19,bluelight,20211002,4958
1.0,9,10,bluelight,20211002,4241
1.0,9,11,bluelight,20211002,4771
1.0,9,12,bluelight,20211002,5554
1.0,9,13,bluelight,20211002,6799
1.0,9,14,bluelight,20211002,5327
1.0,9,15,bluelight,20211002,1904
1.0,9,16,bluelight,20211002,5584
1.0,9,17,bluelight,20211002,2006
1.0,9,18,bluelight,20211002,6215
1.0,9,19,bluelight,20211002,7265
2.0,0,20,bluelight,20211002,6004
2.0,0,21,bluelight,20211002,3277
2.0,0,22,bluelight,20211002,2930
2.0,0,23,bluelight,20211002,5705
2.0,0,24,bluelight,20211002,1632
2.0,0,25,bluelight,20211002,5392
2.0,0,26,bluelight,20211002,6771
2.0,0,27,bluelight,20211002,3888
2.0,0,28,bluelight,20211002,1805
2.0,0,29,bluelight,20211002,3023
2.0,1,20,bluelight,20211002,6978
2.0,1,21,bluelight,20211002,3839
2.0,1,22,bluelight,20211002,5319
2.0,1,23,bluelight,20211002,1999
2.0,1,24,bluelight,20211002,2971
2.0,1,25,bluelight,20211002,3305
2.0,1,26,bluelight,20211002,6944
2.0,1,27,bluelight,20211002,2796
2.0,1,28,bluelight,20211002,2001
2.0,1,29,bluelight,20211002,3243
2.0,2,20,bluelight,20211002,6296
2.0,2,21,bluelight,20211002,5054
2.0,2,22,bluelight,20211002,2505
2.0,2,23,bluelight,20211002,3112
2.0,2,24,bluelight,20211002,4699
2.0,2,25,bluelight,20211002,4330
2.0,2,26,bluelight,20211002,5361
2.0,2,27,bluelight,20211002,5326
2.0,2,28,bluelight,20211002,1782
2.0,2,29,bluelight,20211002,7300
2.0,3,20,bluelight,20211002,6098
2.0,3,21,bluelight,20211002,6976
2.0,3,22,bluelight,20211002,3399
2.0,3,23,bluelight,20211002,6639
2.0,3,24,bluelight,20211002,7151
2.0,3,25,bluelight,20211002,3330
2.0,3,26,bluelight,20211002,3951
2.0,3,27,bluelight,20211002,6046
2.0,3,28,bluelight,20211002,4441
2.0,3,29,bluelight,20211002,3605
2.0,4,20,bluelight,20211002,6313
2.0,4,21,bluelight,20211002,3831
2.0,4,22,bluelight,20211002,3045
2.0,4,23,bluelight,20211002,2382
2.0,4,24,bluelight,20211002,6570
2.0,4,25,bluelight,20211002,2583
2.0,4,26,bluelight,20211002,5154
2.0,4,27,bluelight,20211002,4840
2.0,4,28,bluelight,20211002,5323
2.0,4,29,bluelight,20211002,2335
2.0,5,20,bluelight,20211002,3915
2.0,5,21,bluelight,20211002,6331
2.0,5,22,bluelight,20211002,5962
2.0,5,23,bluelight,20211002,2183
2.0,5,24,bluelight,20211002,6666
2.0,5,25,bluelight,20211002,5805
2.0,5,26,bluelight,20211002,2319
2.0,5,27,bluelight,20211002,2816
2.0,5,28,bluelight,20211002,3816
2.0,5,29,bluelight,20211002,6075
2.0,6,20,bluelight,20211002,5506
2.0,6,21,bluelight,20211002,2921
2.0,6,22,bluelight,20211002,2531
2.0,6,23,bluelight,20211002,2307
2.0,6,24,bluelight,20211002,5859
2.0,6,25,bluelight,20211002,2030
2.0,6,26,bluelight,20211002,6528
2.0,6,27,bluelight,20211002,1650
2.0,6,28,bluelight,20211002,5937
2.0,6,29,bluelight,20211002,1504
2.0,7,20,bluelight,20211002,5179
2.0,7,21,bluelight,20211002,1720
2.0,7,22,bluelight,20211002,5681
2.0,7,23,bluelight,20211002,3846
2.0,7,24,bluelight,20211002,6822
2.0,7,25,bluelight,20211002,4675
2.0,7,26,bluelight,20211002,5791
2.0,7,27,bluelight,20211002,2288
2.0,7,28,bluelight,20211002,4203
2.0,7,29,bluelight,20211002,6139
2.0,8,20,bluelight,20211002,2068
2.0,8,21,bluelight,20211002,2172
2.0,8,22,bluelight,20211002,5954
2.0,8,23,bluelight,20211002,6177
2.0,8,24,bluelight,20211002,3456
2.0,8,25,bluelight,20211002,5919
2.0,8,26,bluelight,20211002,4278
2.0,8,27,bluelight,20211002,4202
2.0,8,28,bluelight,20211002,2318
2.0,8,29,bluelight,20211002,4481
2.0,9,20,bluelight,20211002,7242
2.0,9,21,bluelight,20211002,5698
2.0,9,22,bluelight,20211002,2636
2.0,9,23,bluelight,20211002,1848
2.0,9,24,bluelight,20211002,7457
2.0,9,25,bluelight,20211002,4312
2.0,9,26,bluelight,20211002,4380
2.0,9,27,bluelight,20211002,7064
2.0,9,28,bluelight,20211002,5669
2.0,9,29,bluelight,20211002,1740
0.0,0,0,poststim,20211002,2938
0.0,0,1,poststim,20211002,4196
0.0,0,2,poststim,20211002,4046
0.0,0,3,poststim,20211002,2804
0.0,0,4,poststim,20211002,5618
0.0,0,5,poststim,20211002,3698
0.0,0,6,poststim,20211002,1986
0.0,0,7,poststim,20211002,7201
0.0,0,8,poststim,20211002,1552
0.0,0,9,poststim,20211002,4710
0.0,1,0,poststim,20211002,3268
0.0,1,1,poststim,20211002,4528
0.0,1,2,poststim,20211002,5926
0.0,1,3,poststim,20211002,4163
0.0,1,4,poststim,20211002,5774
0.0,1,5,poststim,20211002,4065
0.0,1,6,poststim,20211002,4619
0.0,1,7,poststim,20211002,5203
0.0,1,8,poststim,20211002,3559
0.0,1,9,poststim,20211002,6410
0.0,2,0,poststim,20211002,7352
0.0,2,1,poststim,20211002,1984
0.0,2,2,poststim,20211002,5463
0.0,2,3,poststim,20211002,3933
0.0,2,4,poststim,20211002,5190
0.0,2,5,poststim,20211002,1887
0.0,2,6,poststim,20211002,6336
0.0,2,7,poststim,20211002,4409
0.0,2,8,poststim,20211002,4230
0.0,2,9,poststim,20211002,4667
0.0,3,0,poststim,20211002,6471
0.0,3,1,poststim,20211002,7337
0.0,3,2,poststim,20211002,1932
0.0,3,3,poststim,20211002,3911
0.0,3,4,poststim,20211002,7251
0.0,3,5,poststim,20211002,2219
0.0,3,6,poststim,20211002,2070
0.0,3,7,poststim,20211002,6549
0.0,3,8,poststim,20211002,6022
0.0,3,9,poststim,20211002,5905
0.0,4,0,poststim,20211002,6748
0.0,4,1,poststim,20211002,7010
0.0,4,2,poststim,20211002,5354
0.0,4,3,poststim,20211002,7240
0.0,4,4,poststim,20211002,3660
0.0,4,5,poststim,20211002,2854
0.0,4,6,poststim,20211002,3315
0.0,4,7,poststim,20211002,6020
0.0,4,8,poststim,20211002,2712
0.0,4,9,poststim,20211002,6772
0.0,5,0,poststim,20211002,2478
0.0,5,1,poststim,20211002,3916
0.0,5,2,poststim,20211002,2986
0.0,5,3,poststim,20211002,1932
0.0,5,4,poststim,20211002,5845
0.0,5,5,poststim,20211002,5730
0.0,5,6,poststim,20211002,1934
0.0,5,7,poststim,20211002,6143
0.0,5,8,poststim,20211002,6625
0.0,5,9,poststim,20211002,6343
0.0,6,0,poststim,20211002,1887
0.0,6,1,poststim,20211002,4515
0.0,6,2,poststim,20211002,2326
0.0,6,3,poststim,20211002,2844
0.0,6,4,poststim,20211002,2332
0.0,6,5,poststim,20211002,3296
0.0,6,6,poststim,20211002,3971
0.0,6,7,poststim,20211002,2532
0.0,6,8,poststim,20211002,3104
0.0,6,9,poststim,20211002,3832
0.0,7,0,poststim,20211002,5749
0.0,7,1,poststim,20211002,6044
0.0,7,2,poststim,20211002,4504
0.0,7,3,poststim,20211002,7037
0.0,7,4,poststim,20211002,2601
0.0,7,5,poststim,20211002,1662
0.0,7,6,poststim,20211002,6125
0.0,7,7,poststim,20211002,4668
0.0,7,8,poststim,20211002,3295
0.0,7,9,poststim,20211002,5075
0.0,8,0,poststim,20211002,2978
0.0,8,1,poststim,20211002,4935
0.0,8,2,poststim,20211002,3986
0.0,8,3,poststim,20211002,2828
0.0,8,4,poststim,20211002,5037
0.0,8,5,poststim,20211002,4533
0.0,8,6,poststim,20211002,6949
0.0,8,7,poststim,20211002,4728
0.0,8,8,poststim,20211002,4582
0.0,8,9,poststim,20211002,4266
0.0,9,0,poststim,20211002,7432
0.0,9,1,poststim,20211002,1850
0.0,9,2,poststim,20211002,2211
0.0,9,3,poststim,20211002,1539
0.0,9,4,poststim,20211002,4294
0.0,9,5,poststim,20211002,3086
0.0,9,6,poststim,20211002,6786
0.0,9,7,poststim,20211002,2382
0.0,9,8,poststim,20211002,6557
0.0,9,9,poststim,20211002,2676
1.0,0,10,poststim,20211002,6487
1.0,0,11,poststim,20211002,6543
1.0,0,12,poststim,20211002,3942
1.0,0,13,poststim,20211002,2747
1.0,0,14,poststim,20211002,3363
1.0,0,15,poststim,20211002,2506
1.0,0,16,poststim,20211002,7059
1.0,0,17,poststim,20211002,6783
1.0,0,18,poststim,20211002,6900
1.0,0,19,poststim,20211002,6264
1.0,1,10,poststim,20211002,3709
1.0,1,11,poststim,20211002,1690
1.0,1,12,poststim,20211002,7098
1.0,1,13,poststim,20211002,5017
1.0,1,14,poststim,20211002,7320
1.0,1,15,poststim,20211002,4006
1.0,1,16,poststim,20211002,1637
1.0,1,17,poststim,20211002,2879
1.0,1,18,poststim,20211002,2589
1.0,1,19,poststim,20211002,6621
1.0,2,10,poststim,20211002,2878
1.0,2,11,poststim,20211002,3595
1.0,2,12,poststim,20211002,2126
1.0,2,13,poststim,20211002,2586
1.0,2,14,poststim,20211002,6026
1.0,2,15,poststim,20211002,2239
1.0,2,16,poststim,20211002,2365
1.0,2,17,poststim,20211002,3759
1.0,2,18,poststim,20211002,5707
1.0,2,19,poststim,20211002,5876
1.0,3,10,poststim,20211002,3290
1.0,3,11,poststim,20211002,5701
1.0,3,12,poststim,20211002,6685
1.0,3,13,poststim,20211002,5268
1.0,3,14,poststim,20211002,4597
1.0,3,15,poststim,20211002,5610
1.0,3,16,poststim,20211002,3583
1.0,3,17,poststim,20211002,1563
1.0,3,18,poststim,20211002,6761
1.0,3,19,poststim,20211002,5800
1.0,4,10,poststim,20211002,5328
1.0,4,11,poststim,20211002,4336
1.0,4,12,poststim,20211002,4363
1.0,4,13,poststim,20211002,5353
1.0,4,14,poststim,20211002,6295
1.0,4,15,poststim,20211002,6033
1.0,4,16,poststim,20211002,2151
1.0,4,17,poststim,20211002,2708
1.0,4,18,poststim,20211002,2788
1.0,4,19,poststim,20211002,3266
1.0,5,10,poststim,20211002,1603
1.0,5,11,poststim,20211002,2633
1.0,5,12,poststim,20211002,7186
1.0,5,13,poststim,20211002,4737
1.0,5,14,poststim,20211002,4484
1.0,5,15,poststim,20211002,7205
1.0,5,16,poststim,20211002,4850
1.0,5,17,poststim,20211002,2215
1.0,5,18,poststim,20211002,5273
1.0,5,19,poststim,20211002,5377
1.0,6,10,poststim,20211002,5738
1.0,6,11,poststim,20211002,6434
1.0,6,12,poststim,20211002,4064
1.0,6,13,poststim,20211002,6498
1.0,6,14,poststim,20211002,1847
1.0,6,15,poststim,20211002,1836
1.0,6,16,poststim,20211002,6821
1.0,6,17,poststim,20211002,4421
1.0,6,18,poststim,20211002,7471
1.0,6,19,poststim,20211002,3550
1.0,7,10,poststim,20211002,3508
1.0,7,11,poststim,20211002,2874
1.0,7,12,poststim,20211002,3311
1.0,7,13,poststim,20211002,3447
1.0,7,14,poststim,20211002,4636
1.0,7,15,poststim,20211002,2829
1.0,7,16,poststim,20211002,2776
1.0,7,17,poststim,20211002,3486
1.0,7,18,poststim,20211002,1582
1.0,7,19,poststim,20211002,4845
1.0,8,10,poststim,20211002,4867
1.0,8,11,poststim,20211002,3060
1.0,8,12,poststim,20211002,1952
1.0,8,13,poststim,20211002,6681
1.0,8,14,poststim,20211002,7488
1.0,8,15,poststim,20211002,1829
1.0,8,16,poststim,20211002,4414
1.0,8,17,poststim,20211002,6086
1.0,8,18,poststim,20211002,1538
1.0,8,19,poststim,20211002,5794
1.0,9,10,poststim,20211002,1752
1.0,9,11,poststim,20211002,7073
1.0,9,12,poststim,20211002,4094
1.0,9,13,poststim,20211002,2230
1.0,9,14,poststim,20211002,7331
1.0,9,15,poststim,20211002,7308
1.0,9,16,poststim,20211002,7379
1.0,9,17,poststim,20211002,2151
1.0,9,18,poststim,20211002,7121
1.0,9,19,poststim,20211002,6638
2.0,0,20,poststim,20211002,6922
2.0,0,21,poststim,20211002,6977
2.0,0,22,poststim,20211002,6854
2.0,0,23,poststim,20211002,7357
2.0,0,24,poststim,20211002,3173
2.0,0,25,poststim,20211002,6385
2.0,0,26,poststim,20211002,2633
2.0,0,27,poststim,20211002,3417
2.0,0,28,poststim,20211002,5624
2.0,0,29,poststim,20211002,5754
2.0,1,20,poststim,20211002,6128
2.0,1,21,poststim,20211002,6235
2.0,1,22,poststim,20211002,5646
2.0,1,23,poststim,20211002,1775
2.0,1,24,poststim,20211002,6397
2.0,1,25,poststim,20211002,4684
2.0,1,26,poststim,20211002,6438
2.0,1,27,poststim,20211002,2837
2.0,1,28,poststim,20211002,5195
2.0,1,29,poststim,20211002,6141
2.0,2,20,poststim,20211002,7096
2.0,2,21,poststim,20211002,6482
2.0,2,22,poststim,20211002,1734
2.0,2,23,poststim,20211002,5877
2.0,2,24,poststim,20211002,4198
2.0,2,25,poststim,20211002,5540
2.0,2,26,poststim,20211002,5993
2.0,2,27,poststim,20211002,4711
2.0,2,28,poststim,20211002,2142
2.0,2,29,poststim,20211002,6023
2.0,3,20,poststim,20211002,6321
2.0,3,21,poststim,20211002,4764
2.0,3,22,poststim,20211002,5557
2.0,3,23,poststim,20211002,1960
2.0,3,24,poststim,20211002,2754
2.0,3,25,poststim,20211002,3269
2.0,3,26,poststim,20211002,6640
2.0,3,27,poststim,20211002,5940
2.0,3,28,poststim,20211002,3354
2.0,3,29,poststim,20211002,3385
2.0,4,20,poststim,20211002,2412
2.0,4,21,poststim,20211002,6872
2.0,4,22,poststim,20211002,3840
2.0,4,23,poststim,20211002,1803
2.0,4,24,poststim,20211002,2561
2.0,4,25,poststim,20211002,6888
2.0,4,26,poststim,20211002,6408
2.0,4,27,poststim,20211002,3993
2.0,4,28,poststim,20211002,3631
2.0,4,29,poststim,20211002,1619
2.0,5,20,poststim,20211002,4993
2.0,5,21,poststim,20211002,2463
2.0,5,22,poststim,20211002,5457
2.0,5,23,poststim,20211002,7414
2.0,5,24,poststim,20211002,4261
2.0,5,25,poststim,20211002,4580
2.0,5,26,poststim,20211002,3421
2.0,5,27,poststim,20211002,2060
2.0,5,28,poststim,20211002,4202
2.0,5,29,poststim,20211002,2486
2.0,6,20,poststim,20211002,2447
2.0,6,21,poststim,20211002,4056
2.0,6,22,poststim,20211002,3001
2.0,6,23,poststim,20211002,6089
2.0,6,24,poststim,20211002,5204
2.0,6,25,poststim,20211002,5827
2.0,6,26,poststim,20211002,6109
2.0,6,27,poststim,20211002,7102
2.0,6,28,poststim,20211002,1806
2.0,6,29,poststim,20211002,3950
2.0,7,20,poststim,20211002,6781
2.0,7,21,poststim,20211002,7406
2.0,7,22,poststim,20211002,7411
2.0,7,23,poststim,20211002,5493
2.0,7,24,poststim,20211002,3873
2.0,7,25,poststim,20211002,4736
2.0,7,26,poststim,20211002,5604
2.0,7,27,poststim,20211002,7279
2.0,7,28,poststim,20211002,3245
2.0,7,29,poststim,20211002,1847
2.0,8,20,poststim,20211002,4764
2.0,8,21,poststim,20211002,5988
2.0,8,22,poststim,20211002,3645
2.0,8,23,poststim,20211002,1585
2.0,8,24,poststim,20211002,7375
2.0,8,25,poststim,20211002,4901
2.0,8,26,poststim,20211002,2712
2.0,8,27,poststim,20211002,3102
2.0,8,28,poststim,20211002,3248
2.0,8,29,poststim,20211002,5298
2.0,9,20,poststim,20211002,2300
2.0,9,21,poststim,20211002,3613
2.0,9,22,poststim,20211002,3959
2.0,9,23,poststim,20211002,4374
2.0,9,24,poststim,20211002,3357
2.0,9,25,poststim,20211002,7378
2.0,9,26,poststim,20211002,6588
2.0,9,27,poststim,20211002,6110
2.0,9,28,poststim,20211002,3505
2.0,9,29,poststim,20211002,1837
0.0,0,0,prestim,20211003,6002
0.0,0,1,prestim,20211003,7107
0.0,0,2,prestim,20211003,5091
0.0,0,3,prestim,20211003,7432
0.0,0,4,prestim,20211003,3709
0.0,0,5,prestim,20211003,6110
0.0,0,6,prestim,20211003,7402
0.0,0,7,prestim,20211003,2154
0.0,0,8,prestim,20211003,3470
0.0,0,9,prestim,20211003,7474
0.0,1,0,prestim,20211003,6278
0.0,1,1,prestim,20211003,5718
0.0,1,2,prestim,20211003,4539
0.0,1,3,prestim,20211003,6847
0.0,1,4,prestim,20211003,4038
0.0,1,5,prestim,20211003,6468
0.0,1,6,prestim,20211003,3298
0.0,1,7,prestim,20211003,2718
0.0,1,8,prestim,20211003,5597
0.0,1,9,prestim,20211003,3535
0.0,2,0,prestim,20211003,2274
0.0,2,1,prestim,20211003,6775
0.0,2,2,prestim,20211003,2402
0.0,2,3,prestim,20211003,5067
0.0,2,4,prestim,20211003,2092
0.0,2,5,prestim,20211003,1699
0.0,2,6,prestim,20211003,3496
0.0,2,7,prestim,20211003,4246
0.0,2,8,prestim,20211003,4177
0.0,2,9,prestim,20211003,5001
0.0,3,0,prestim,20211003,5923
0.0,3,1,prestim,20211003,3755
0.0,3,2,prestim,20211003,5642
0.0,3,3,prestim,20211003,7386
0.0,3,4,prestim,20211003,7252
0.0,3,5,prestim,20211003,5315
0.0,3,6,prestim,20211003,4230
0.0,3,7,prestim,20211003,2756
0.0,3,8,prestim,20211003,2306
0.0,3,9,prestim,20211003,2467
0.0,4,0,prestim,20211003,2627
0.0,4,1,prestim,20211003,7459
0.0,4,2,prestim,20211003,6335
0.0,4,3,prestim,20211003,1999
0.0,4,4,prestim,20211003,4756
0.0,4,5,prestim,20211003,6461
0.0,4,6,prestim,20211003,7429
0.0,4,7,prestim,20211003,5751
0.0,4,8,prestim,20211003,7379
0.0,4,9,prestim,20211003,2533
0.0,5,0,prestim,20211003,5551
0.0,5,1,prestim,20211003,5073
0.0,5,2,prestim,20211003,5446
0.0,5,3,prestim,20211003,4306
0.0,5,4,prestim,20211003,6009
0.0,5,5,prestim,20211003,7078
0.0,5,6,prestim,20211003,4993
0.0,5,7,prestim,20211003,6831
0.0,5,8,prestim,20211003,6329
0.0,5,9,prestim,20211003,2170
0.0,6,0,prestim,20211003,5998
0.0,6,1,prestim,20211003,7005
0.0,6,2,prestim,20211003,4565
0.0,6,3,prestim,20211003,6811
0.0,6,4,prestim,20211003,1873
0.0,6,5,prestim,20211003,1653
0.0,6,6,prestim,20211003,4836
0.0,6,7,prestim,20211003,3265
0.0,6,8,prestim,20211003,2490
0.0,6,9,prestim,20211003,3659
0.0,7,0,prestim,20211003,2418
0.0,7,1,prestim,20211003,2199
0.0,7,2,prestim,20211003,6763
0.0,7,3,prestim,20211003,4705
0.0,7,4,prestim,20211003,5316
0.0,7,5,prestim,20211003,7422
0.0,7,6,prestim,20211003,4217
0.0,7,7,prestim,20211003,7176
0.0,7,8,prestim,20211003,5335
0.0,7,9,prestim,20211003,7009
0.0,8,0,prestim,20211003,6168
0.0,8,1,prestim,20211003,4613
0.0,8,2,prestim,20211003,4999
0.0,8,3,prestim,20211003,1811
0.0,8,4,prestim,20211003,6370
0.0,8,5,prestim,20211003,3106
0.0,8,6,prestim,20211003,5861
0.0,8,7,prestim,20211003,4325
0.0,8,8,prestim,20211003,3192
0.0,8,9,prestim,20211003,5027
0.0,9,0,prestim,20211003,7040
0.0,9,1,prestim,20211003,6543
0.0,9,2,prestim,20211003,1620
0.0,9,3,prestim,20211003,4722
0.0,9,4,prestim,20211003,1948
0.0,9,5,prestim,20211003,7494
0.0,9,6,prestim,20211003,5435
0.0,9,7,prestim,20211003,3918
0.0,9,8,prestim,20211003,4562
0.0,9,9,prestim,20211003,2755
1.0,0,10,prestim,20211003,6059
1.0,0,11,prestim,20211003,7240
1.0,0,12,prestim,20211003,5909
1.0,0,13,prestim,20211003,7404
1.0,0,14,prestim,20211003,3734
1.0,0,15,prestim,20211003,4122
1.0,0,16,prestim,20211003,2929
1.0,0,17,prestim,20211003,3515
1.0,0,18,prestim,20211003,6195
1.0,0,19,prestim,20211003,6366
1.0,1,10,prestim,20211003,3919
1.0,1,11,prestim,20211003,2442
1.0,1,12,prestim,20211003,4601
1.0,1,13,prestim,20211003,3358
1.0,1,14,prestim,20211003,4527
1.0,1,15,prestim,20211003,5406
1.0,1,16,prestim,20211003,6266
1.0,1,17,prestim,20211003,1724
1.0,1,18,prestim,20211003,6256
1.0,1,19,prestim,20211003,4276
1.0,2,10,prestim,20211003,5134
1.0,2,11,prestim,20211003,6263
1.0,2,12,prestim,20211003,1938
1.0,2,13,prestim,20211003,2175
1.0,2,14,prestim,20211003,4659
1.0,2,15,prestim,20211003,6964
1.0,2,16,prestim,20211003,4517
1.0,2,17,prestim,20211003,5856
1.0,2,18,prestim,20211003,5954
1.0,2,19,prestim,20211003,4287
1.0,3,10,prestim,20211003,2109
1.0,3,11,prestim,20211003,1701
1.0,3,12,prestim,20211003,2035
1.0,3,13,prestim,20211003,2331
1.0,3,14,prestim,20211003,3014
1.0,3,15,prestim,20211003,3029
1.0,3,16,prestim,20211003,7401
1.0,3,17,prestim,20211003,2449
1.0,3,18,prestim,20211003,5016
1.0,3,19,prestim,20211003,3210
1.0,4,10,prestim,20211003,3163
1.0,4,11,prestim,20211003,3367
1.0,4,12,prestim,20211003,5245
1.0,4,13,prestim,20211003,2316
1.0,4,14,prestim,20211003,5651
1.0,4,15,prestim,20211003,4433
1.0,4,16,prestim,20211003,3277
1.0,4,17,prestim,20211003,3127
1.0,4,18,prestim,20211003,5698
1.0,4,19,prestim,20211003,3755
1.0,5,10,prestim,20211003,3318
1.0,5,11,prestim,20211003,6052
1.0,5,12,prestim,20211003,6154
1.0,5,13,prestim,20211003,4731
1.0,5,14,prestim,20211003,2513
1.0,5,15,prestim,20211003,6048
1.0,5,16,prestim,20211003,3322
1.0,5,17,prestim,20211003,6657
1.0,5,18,prestim,20211003,2135
1.0,5,19,prestim,20211003,2452
1.0,6,10,prestim,20211003,6454
1.0,6,11,prestim,20211003,5097
1.0,6,12,prestim,20211003,5439
1.0,6,13,prestim,20211003,7399
1.0,6,14,prestim,20211003,5472
1.0,6,15,prestim,20211003,3197
1.0,6,16,prestim,20211003,4318
1.0,6,17,prestim,20211003,6731
1.0,6,18,prestim,20211003,6437
1.0,6,19,prestim,20211003,2278
1.0,7,10,prestim,20211003,3271
1.0,7,11,prestim,20211003,6594
1.0,7,12,prestim,20211003,7287
1.0,7,13,prestim,20211003,3182
1.0,7,14,prestim,20211003,5720
1.0,7,15,prestim,20211003,5496
1.0,7,16,prestim,20211003,4523
1.0,7,17,prestim,20211003,2470
1.0,7,18,prestim,20211003,2875
1.0,7,19,prestim,20211003,2269
1.0,8,10,prestim,20211003,4896
1.0,8,11,prestim,20211003,3383
1.0,8,12,prestim,20211003,5629
1.0,8,13,prestim,20211003,2508
1.0,8,14,prestim,20211003,6375
1.0,8,15,prestim,20211003,3692
1.0,8,16,prestim,20211003,1600
1.0,8,17,prestim,20211003,2997
1.0,8,18,prestim,20211003,3487
1.0,8,19,prestim,20211003,2460
1.0,9,10,prestim,20211003,6324
1.0,9,11,prestim,20211003,6841
1.0,9,12,prestim,20211003,2450
1.0,9,13,prestim,20211003,2689
1.0,9,14,prestim,20211003,2386
1.0,9,15,prestim,20211003,1669
1.0,9,16,prestim,20211003,4979
1.0,9,17,prestim,20211003,3335
1.0,9,18,prestim,20211003,5894
1.0,9,19,prestim,20211003,1590
2.0,0,20,prestim,20211003,5477
2.0,0,21,prestim,20211003,2332
2.0,0,22,prestim,20211003,4059
2.0,0,23,prestim,20211003,7058
2.0,0,24,prestim,20211003,7186
2.0,0,25,prestim,20211003,4341
2.0,0,26,prestim,20211003,6061
2.0,0,27,prestim,20211003,2863
2.0,0,28,prestim,20211003,2753
2.0,0,29,prestim,20211003,3456
2.0,1,20,prestim,20211003,5961
2.0,1,21,prestim,20211003,5147
2.0,1,22,prestim,20211003,2674
2.0,1,23,prestim,20211003,1708
2.0,1,24,prestim,20211003,4493
2.0,1,25,prestim,20211003,1961
2.0,1,26,prestim,20211003,4238
2.0,1,27,prestim,20211003,2724
2.0,1,28,prestim,20211003,2908
2.0,1,29,prestim,20211003,4412
2.0,2,20,prestim,20211003,6305
2.0,2,21,prestim,20211003,7022
2.0,2,22,prestim,20211003,1601
2.0,2,23,prestim,20211003,1538
2.0,2,24,prestim,20211003,6384
2.0,2,25,prestim,20211003,2935
2.0,2,26,prestim,20211003,6313
2.0,2,27,prestim,20211003,7111
2.0,2,28,prestim,20211003,5483
2.0,2,29,prestim,20211003,5778
2.0,3,20,prestim,20211003,7409
2.0,3,21,prestim,20211003,4814
2.0,3,22,prestim,20211003,2128
2.0,3,23,prestim,20211003,1796
2.0,3,24,prestim,20211003,5443
2.0,3,25,prestim,20211003,6929
2.0,3,26,prestim,20211003,5855
2.0,3,27,prestim,20211003,5145
2.0,3,28,prestim,20211003,6973
2.0,3,29,prestim,20211003,3586
2.0,4,20,prestim,20211003,2952
2.0,4,21,prestim,20211003,2965
2.0,4,22,prestim,20211003,7049
2.0,4,23,prestim,20211003,4587
2.0,4,24,prestim,20211003,7411
2.0,4,25,prestim,20211003,4907
2.0,4,26,prestim,20211003,2775
2.0,4,27,prestim,20211003,5100
2.0,4,28,prestim,20211003,3216
2.0,4,29,prestim,20211003,6732
2.0,5,20,prestim,20211003,1922
2.0,5,21,prestim,20211003,3983
2.0,5,22,prestim,20211003,5541
2.0,5,23,prestim,20211003,6219
2.0,5,24,prestim,20211003,6838
2.0,5,25,prestim,20211003,4869
2.0,5,26,prestim,20211003,1616
2.0,5,27,prestim,20211003,7416
2.0,5,28,prestim,20211003,1657
2.0,5,29,prestim,20211003,6115
2.0,6,20,prestim,20211003,5716
2.0,6,21,prestim,20211003,6757
2.0,6,22,prestim,20211003,1659
2.0,6,23,prestim,20211003,5731
2.0,6,24,prestim,20211003,7466
2.0,6,25,prestim,20211003,1616
2.0,6,26,prestim,20211003,6622
2.0,6,27,prestim,20211003,2183
2.0,6,28,prestim,20211003,4658
2.0,6,29,prestim,20211003,3804
2.0,7,20,prestim,20211003,1543
2.0,7,21,prestim,20211003,1875
2.0,7,22,prestim,20211003,2382
2.0,7,23,prestim,20211003,4049
2.0,7,24,prestim,20211003,5374
2.0,7,25,prestim,20211003,5289
2.0,7,26,prestim,20211003,5449
2.0,7,27,prestim,20211003,1833
2.0,7,28,prestim,20211003,5700
2.0,7,29,prestim,20211003,3825
2.0,8,20,prestim,20211003,6467
2.0,8,21,prestim,20211003,6669
2.0,8,22,prestim,20211003,2523
2.0,8,23,prestim,20211003,2898
2.0,8,24,prestim,20211003,1587
2.0,8,25,prestim,20211003,4932
2.0,8,26,prestim,20211003,5070
2.0,8,27,prestim,20211003,1570
2.0,8,28,prestim,20211003,5065
2.0,8,29,prestim,20211003,1994
2.0,9,20,prestim,20211003,6468
2.0,9,21,prestim,20211003,4972
2.0,9,22,prestim,20211003,4061
2.0,9,23,prestim,20211003,4080
2.0,9,24,prestim,20211003,5328
2.0,9,25,prestim,20211003,6529
2.0,9,26,prestim,20211003,5673
2.0,9,27,prestim,20211003,5761
2.0,9,28,prestim,20211003,1794
2.0,9,29,prestim,20211003,5520
0.0,0,0,bluelight,20211003,5661
0.0,0,1,bluelight,20211003,2059
0.0,0,2,bluelight,20211003,6247
0.0,0,3,bluelight,20211003,6874
0.0,0,4,bluelight,20211003,1745
0.0,0,5,bluelight,20211003,3220
0.0,0,6,bluelight,20211003,1503
0.0,0,7,bluelight,20211003,1673
0.0,0,8,bluelight,20211003,7355
0.0,0,9,bluelight,20211003,7223
0.0,1,0,bluelight,20211003,2274
0.0,1,1,bluelight,20211003,4369
0.0,1,2,bluelight,20211003,7001
0.0,1,3,bluelight,20211003,1901
0.0,1,4,bluelight,20211003,5022
0.0,1,5,bluelight,20211003,6886
0.0,1,6,bluelight,20211003,5828
0.0,1,7,bluelight,20211003,2349
0.0,1,8,bluelight,20211003,4610
0.0,1,9,bluelight,20211003,7319
0.0,2,0,bluelight,20211003,5671
0.0,2,1,bluelight,20211003,4712
0.0,2,2,bluelight,20211003,4199
0.0,2,3,bluelight,20211003,1688
0.0,2,4,bluelight,20211003,2400
0.0,2,5,bluelight,20211003,6357
0.0,2,6,bluelight,20211003,6696
0.0,2,7,bluelight,20211003,4028
0.0,2,8,bluelight,20211003,6698
0.0,2,9,bluelight,20211003,5463
0.0,3,0,bluelight,20211003,3847
0.0,3,1,bluelight,20211003,7317
0.0,3,2,bluelight,20211003,6435
0.0,3,3,bluelight,20211003,7439
0.0,3,4,bluelight,20211003,3504
0.0,3,5,bluelight,20211003,4656
0.0,3,6,bluelight,20211003,1665
0.0,3,7,bluelight,20211003,5149
0.0,3,8,bluelight,20211003,3416
0.0,3,9,bluelight,20211003,5412
0.0,4,0,bluelight,20211003,3063
0.0,4,1,bluelight,20211003,4593
0.0,4,2,bluelight,20211003,2906
0.0,4,3,bluelight,20211003,7361
0.0,4,4,bluelight,20211003,6126
0.0,4,5,bluelight,20211003,6353
0.0,4,6,bluelight,20211003,4680
0.0,4,7,bluelight,20211003,1677
0.0,4,8,bluelight,20211003,5329
0.0,4,9,bluelight,20211003,4915
0.0,5,0,bluelight,20211003,4762
0.0,5,1,bluelight,20211003,6163
0.0,5,2,bluelight,20211003,1670
0.0,5,3,bluelight,20211003,3747
0.0,5,4,bluelight,20211003,5105
0.0,5,5,bluelight,20211003,4094
0.0,5,6,bluelight,20211003,5254
0.0,5,7,bluelight,20211003,6136
0.0,5,8,bluelight,20211003,4236
0.0,5,9,bluelight,20211003,4765
0.0,6,0,bluelight,20211003,2645
0.0,6,1,bluelight,20211003,4891
0.0,6,2,bluelight,20211003,4294
0.0,6,3,bluelight,20211003,5912
0.0,6,4,bluelight,20211003,2154
0.0,6,5,bluelight,20211003,3568
0.0,6,6,bluelight,20211003,5472
0.0,6,7,bluelight,20211003,4762
0.0,6,8,bluelight,20211003,2655
0.0,6,9,bluelight,20211003,3386
0.0,7,0,bluelight,20211003,3219
0.0,7,1,bluelight,20211003,1704
0.0,7,2,bluelight,20211003,1706
0.0,7,3,bluelight,20211003,6209
0.0,7,4,bluelight,20211003,5824
0.0,7,5,bluelight,20211003,5381
0.0,7,6,bluelight,20211003,3189
0.0,7,7,bluelight,20211003,2776
0.0,7,8,bluelight,20211003,4120
0.0,7,9,bluelight,20211003,4779
0.0,8,0,bluelight,20211003,6695
0.0,8,1,bluelight,20211003,6904
0.0,8,2,bluelight,20211003,1627
0.0,8,3,bluelight,20211003,2616
0.0,8,4,bluelight,20211003,1852
0.0,8,5,bluelight,20211003,4256
0.0,8,6,bluelight,20211003,2147
0.0,8,7,bluelight,20211003,5047
0.0,8,8,bluelight,20211003,2646
0.0,8,9,bluelight,20211003,7192
0.0,9,0,bluelight,20211003,7466
0.0,9,1,bluelight,20211003,5193
0.0,9,2,bluelight,20211003,2549
0.0,9,3,bluelight,20211003,4792
0.0,9,4,bluelight,20211003,5432
0.0,9,5,bluelight,20211003,2326
0.0,9,6,bluelight,20211003,5212
0.0,9,7,bluelight,20211003,3827
0.0,9,8,bluelight,20211003,7387
0.0,9,9,bluelight,20211003,2514
1.0,0,10,bluelight,20211003,6105
1.0,0,11,bluelight,20211003,3621
1.0,0,12,bluelight,20211003,5938
1.0,0,13,bluelight,20211003,7074
1.0,0,14,bluelight,20211003,3759
1.0,0,15,bluelight,20211003,7366
1.0,0,16,bluelight,20211003,6307
1.0,0,17,bluelight,20211003,5231
1.0,0,18,bluelight,20211003,4565
1.0,0,19,bluelight,20211003,2468
1.0,1,10,bluelight,20211003,4964
1.0,1,11,bluelight,20211003,6874
1.0,1,12,bluelight,20211003,2935
1.0,1,13,bluelight,20211003,5495
1.0,1,14,bluelight,20211003,6641
1.0,1,15,bluelight,20211003,7306
1.0,1,16,bluelight,20211003,4940
1.0,1,17,bluelight,20211003,2117
1.0,1,18,bluelight,20211003,4152
1.0,1,19,bluelight,20211003,3639
1.0,2,10,bluelight,20211003,4632
1.0,2,11,bluelight,20211003,2274
1.0,2,12,bluelight,20211003,3943
1.0,2,13,bluelight,20211003,2000
1.0,2,14,bluelight,20211003,3481
1.0,2,15,bluelight,20211003,2449
1.0,2,16,bluelight,20211003,3398
1.0,2,17,bluelight,20211003,3939
1.0,2,18,bluelight,20211003,3820
1.0,2,19,bluelight,20211003,4127
1.0,3,10,bluelight,20211003,5958
1.0,3,11,bluelight,20211003,3740
1.0,3,12,bluelight,20211003,3395
1.0,3,13,bluelight,20211003,6107
1.0,3,14,bluelight,20211003,7052
1.0,3,15,bluelight,20211003,2248
1.0,3,16,bluelight,20211003,4617
1.0,3,17,bluelight,20211003,5892
1.0,3,18,bluelight,20211003,3765
1.0,3,19,bluelight,20211003,5981
1.0,4,10,bluelight,20211003,3194
1.0,4,11,bluelight,20211003,2776
1.0,4,12,bluelight,20211003,5572
1.0,4,13,bluelight,20211003,5936
1.0,4,14,bluelight,20211003,2881
1.0,4,15,bluelight,20211003,5833
1.0,4,16,bluelight,20211003,4719
1.0,4,17,bluelight,20211003,3576
1.0,4,18,bluelight,20211003,2577
1.0,4,19,bluelight,20211003,5936
1.0,5,10,bluelight,20211003,1661
1.0,5,11,bluelight,20211003,6869
1.0,5,12,bluelight,20211003,2215
1.0,5,13,bluelight,20211003,1669
1.0,5,14,bluelight,20211003,5316
1.0,5,15,bluelight,20211003,1879
1.0,5,16,bluelight,20211003,3717
1.0,5,17,bluelight,20211003,4762
1.0,5,18,bluelight,20211003,1576
1.0,5,19,bluelight,20211003,4037
1.0,6,10,bluelight,20211003,2260
1.0,6,11,bluelight,20211003,1718
1.0,6,12,bluelight,20211003,5189
1.0,6,13,bluelight,20211003,2027
1.0,6,14,bluelight,20211003,6845
1.0,6,15,bluelight,20211003,2563
1.0,6,16,bluelight,20211003,1530
1.0,6,17,bluelight,20211003,5354
1.0,6,18,bluelight,20211003,3961
1.0,6,19,bluelight,20211003,6591
1.0,7,10,bluelight,20211003,7477
1.0,7,11,bluelight,20211003,4292
1.0,7,12,bluelight,20211003,5439
1.0,7,13,bluelight,20211003,5521
1.0,7,14,bluelight,20211003,1668
1.0,7,15,bluelight,20211003,5903
1.0,7,16,bluelight,20211003,2811
1.0,7,17,bluelight,20211003,3523
1.0,7,18,bluelight,20211003,4940
1.0,7,19,bluelight,20211003,4370
1.0,8,10,bluelight,20211003,2321
1.0,8,11,bluelight,20211003,2534
1.0,8,12,bluelight,20211003,2361
1.0,8,13,bluelight,20211003,6134
1.0,8,14,bluelight,20211003,4390
1.0,8,15,bluelight,20211003,4820
1.0,8,16,bluelight,20211003,3154
1.0,8,17,bluelight,20211003,7315
1.0,8,18,bluelight,20211003,3262
1.0,8,19,bluelight,20211003,6896
1.0,9,10,bluelight,20211003,6482
1.0,9,11,bluelight,20211003,1591
1.0,9,12,bluelight,20211003,4387
1.0,9,13,bluelight,20211003,1742
1.0,9,14,bluelight,20211003,3286
1.0,9,15,bluelight,20211003,3253
1.0,9,16,bluelight,20211003,6482
1.0,9,17,bluelight,20211003,4859
1.0,9,18,bluelight,20211003,3896
1.0,9,19,bluelight,20211003,5757
2.0,0,20,bluelight,20211003,5620
2.0,0,21,bluelight,20211003,7286
2.0,0,22,bluelight,20211003,5622
2.0,0,23,bluelight,20211003,2127
2.0,0,24,bluelight,20211003,4169
2.0,0,25,bluelight,20211003,6587
2.0,0,26,bluelight,20211003,5590
2.0,0,27,bluelight,20211003,1680
2.0,0,28,bluelight,20211003,3936
2.0,0,29,bluelight,20211003,4097
2.0,1,20,bluelight,20211003,5994
2.0,1,21,bluelight,20211003,7066
2.0,1,22,bluelight,20211003,4636
2.0,1,23,bluelight,20211003,7074
2.0,1,24,bluelight,20211003,6142
2.0,1,25,bluelight,20211003,6942
2.0,1,26,bluelight,20211003,2842
2.0,1,27,bluelight,20211003,7470
2.0,1,28,bluelight,20211003,2036
2.0,1,29,bluelight,20211003,3006
2.0,2,20,bluelight,20211003,2679
2.0,2,21,bluelight,20211003,4056
2.0,2,22,bluelight,20211003,2430
2.0,2,23,bluelight,20211003,3258
2.0,2,24,bluelight,20211003,7274
2.0,2,25,bluelight,20211003,5142
2.0,2,26,bluelight,20211003,5904
2.0,2,27,bluelight,20211003,4776
2.0,2,28,bluelight,20211003,5560
2.0,2,29,bluelight,20211003,3716
2.0,3,20,bluelight,20211003,5479
2.0,3,21,bluelight,20211003,6933
2.0,3,22,bluelight,20211003,2251
2.0,3,23,bluelight,20211003,7188
2.0,3,24,bluelight,20211003,6752
2.0,3,25,bluelight,20211003,3925
2.0,3,26,bluelight,20211003,5281
2.0,3,27,bluelight,20211003,6486
2.0,3,28,bluelight,20211003,6057
2.0,3,29,bluelight,20211003,7125
2.0,4,20,bluelight,20211003,2125
2.0,4,21,bluelight,20211003,5161
2.0,4,22,bluelight,20211003,6908
2.0,4,23,bluelight,20211003,6496
2.0,4,24,bluelight,20211003,6539
2.0,4,25,bluelight,20211003,7175
2.0,4,26,bluelight,20211003,5390
2.0,4,27,bluelight,20211003,2889
2.0,4,28,bluelight,20211003,4410
2.0,4,29,bluelight,20211003,4313
2.0,5,20,bluelight,20211003,6219
2.0,5,21,bluelight,20211003,2167
2.0,5,22,bluelight,20211003,6518
2.0,5,23,bluelight,20211003,1858
2.0,5,24,bluelight,20211003,2262
2.0,5,25,bluelight,20211003,5587
2.0,5,26,bluelight,20211003,6996
2.0,5,27,bluelight,20211003,4077
2.0,5,28,bluelight,20211003,4647
2.0,5,29,bluelight,20211003,4495
2.0,6,20,bluelight,20211003,3125
2.0,6,21,bluelight,20211003,3591
2.0,6,22,bluelight,20211003,4011
2.0,6,23,bluelight,20211003,4684
2.0,6,24,bluelight,20211003,2007
2.0,6,25,bluelight,20211003,6517
2.0,6,26,bluelight,20211003,3830
2.0,6,27,bluelight,20211003,5384
2.0,6,28,bluelight,20211003,7144
2.0,6,29,bluelight,20211003,3378
2.0,7,20,bluelight,20211003,2904
2.0,7,21,bluelight,20211003,4302
2.0,7,22,bluelight,20211003,6032
2.0,7,23,bluelight,20211003,4985
2.0,7,24,bluelight,20211003,6362
2.0,7,25,bluelight,20211003,4134
2.0,7,26,bluelight,20211003,5723
2.0,7,27,bluelight,20211003,2304
2.0,7,28,bluelight,20211003,2979
2.0,7,29,bluelight,20211003,1821
2.0,8,20,bluelight,20211003,4045
2.0,8,21,bluelight,20211003,4199
2.0,8,22,bluelight,20211003,4508
2.0,8,23,bluelight,20211003,3596
2.0,8,24,bluelight,20211003,3098
2.0,8,25,bluelight,20211003,6428
2.0,8,26,bluelight,20211003,4895
2.0,8,27,bluelight,20211003,6553
2.0,8,28,bluelight,20211003,6274
2.0,8,29,bluelight,20211003,4154
2.0,9,20,bluelight,20211003,7363
2.0,9,21,bluelight,20211003,5826
2.0,9,22,bluelight,20211003,3484
2.0,9,23,bluelight,20211003,4650
2.0,9,24,bluelight,20211003,4356
2.0,9,25,bluelight,20211003,1516
2.0,9,26,bluelight,20211003,4279
2.0,9,27,bluelight,20211003,4755
2.0,9,28,bluelight,20211003,7329
2.0,9,29,bluelight,20211003,4862
0.0,0,0,poststim,20211003,3946
0.0,0,1,poststim,20211003,3834
0.0,0,2,poststim,20211003,2788
0.0,0,3,poststim,20211003,7373
0.0,0,4,poststim,20211003,5480
0.0,0,5,poststim,20211003,6559
0.0,0,6,poststim,20211003,6941
0.0,0,7,poststim,20211003,2853
0.0,0,8,poststim,20211003,4914
0.0,0,9,poststim,20211003,5615
0.0,1,0,poststim,20211003,3622
0.0,1,1,poststim,20211003,2012
0.0,1,2,poststim,20211003,6020
0.0,1,3,poststim,20211003,4738
0.0,1,4,poststim,20211003,6573
0.0,1,5,poststim,20211003,5530
0.0,1,6,poststim,20211003,1953
0.0,1,7,poststim,20211003,5990
0.0,1,8,poststim,20211003,6181
0.0,1,9,poststim,20211003,3659
0.0,2,0,poststim,20211003,6354
0.0,2,1,poststim,20211003,6484
0.0,2,2,poststim,20211003,3448
0.0,2,3,poststim,20211003,2035
0.0,2,4,poststim,20211003,7486
0.0,2,5,poststim,20211003,5702
0.0,2,6,poststim,20211003,4237
0.0,2,7,poststim,20211003,2454
0.0,2,8,poststim,20211003,2389
0.0,2,9,poststim,20211003,1620
0.0,3,0,poststim,20211003,3246
0.0,3,1,poststim,20211003,1856
0.0,3,2,poststim,20211003,3635
0.0,3,3,poststim,20211003,2005
0.0,3,4,poststim,20211003,2410
0.0,3,5,poststim,20211003,3190
0.0,3,6,poststim,20211003,6987
0.0,3,7,poststim,20211003,5126
0.0,3,8,poststim,20211003,5550
0.0,3,9,poststim,20211003,2738
0.0,4,0,poststim,20211003,6928
0.0,4,1,poststim,20211003,4766
0.0,4,2,poststim,20211003,6173
0.0,4,3,poststim,20211003,4554
0.0,4,4,poststim,20211003,2183
0.0,4,5,poststim,20211003,2326
0.0,4,6,poststim,20211003,5342
0.0,4,7,poststim,20211003,3914
0.0,4,8,poststim,20211003,4500
0.0,4,9,poststim,20211003,1546
0.0,5,0,poststim,20211003,3655
0.0,5,1,poststim,20211003,4643
0.0,5,2,poststim,20211003,1529
0.0,5,3,poststim,20211003,4286
0.0,5,4,poststim,20211003,5693
0.0,5,5,poststim,20211003,1982
0.0,5,6,poststim,20211003,6659
0.0,5,7,poststim,20211003,5935
0.0,5,8,poststim,20211003,4102
0.0,5,9,poststim,20211003,4231
0.0,6,0,poststim,20211003,6032
0.0,6,1,poststim,20211003,1835
0.0,6,2,poststim,20211003,4542
0.0,6,3,poststim,20211003,5936
0.0,6,4,poststim,20211003,1937
0.0,6,5,poststim,20211003,3803
0.0,6,6,poststim,20211003,2319
0.0,6,7,poststim,20211003,7426
0.0,6,8,poststim,20211003,6871
0.0,6,9,poststim,20211003,6243
0.0,7,0,poststim,20211003,7492
0.0,7,1,poststim,20211003,5385
0.0,7,2,poststim,20211003,2562
0.0,7,3,poststim,20211003,4804
0.0,7,4,poststim,20211003,3527
0.0,7,5,poststim,20211003,5968
0.0,7,6,poststim,20211003,7462
0.0,7,7,poststim,20211003,4287
0.0,7,8,poststim,20211003,1686
0.0,7,9,poststim,20211003,7052
0.0,8,0,poststim,20211003,1903
0.0,8,1,poststim,20211003,2384
0.0,8,2,poststim,20211003,3730
0.0,8,3,poststim,20211003,5561
0.0,8,4,poststim,20211003,4436
0.0,8,5,poststim,20211003,6612
0.0,8,6,poststim,20211003,3064
0.0,8,7,poststim,20211003,5319
0.0,8,8,poststim,20211003,3753
0.0,8,9,poststim,20211003,5499
0.0,9,0,poststim,20211003,4739
0.0,9,1,poststim,20211003,7357
0.0,9,2,poststim,20211003,6196
0.0,9,3,poststim,20211003,4394
0.0,9,4,poststim,20211003,7431
0.0,9,5,poststim,20211003,3169
0.0,9,6,poststim,20211003,5176
0.0,9,7,poststim,20211003,2284
0.0,9,8,poststim,20211003,3231
0.0,9,9,poststim,20211003,3609
1.0,0,10,poststim,20211003,2123
1.0,0,11,poststim,20211003,4805
1.0,0,12,poststim,20211003,1955
1.0,0,13,poststim,20211003,7490
1.0,0,14,poststim,20211003,6081
1.0,0,15,poststim,20211003,5928
1.0,0,16,poststim,20211003,5798
1.0,0,17,poststim,20211003,6757
1.0,0,18,poststim,20211003,6131
1.0,0,19,poststim,20211003,3969
1.0,1,10,poststim,20211003,6014
1.0,1,11,poststim,20211003,5313
1.0,1,12,poststim,20211003,4699
1.0,1,13,poststim,20211003,4468
1.0,1,14,poststim,20211003,6571
1.0,1,15,poststim,20211003,2681
1.0,1,16,poststim,20211003,3549
1.0,1,17,poststim,20211003,6011
1.0,1,18,poststim,20211003,3788
1.0,1,19,poststim,20211003,4087
1.0,2,10,poststim,20211003,6798
1.0,2,11,poststim,20211003,2369
1.0,2,12,poststim,20211003,7180
1.0,2,13,poststim,20211003,7306
1.0,2,14,poststim,20211003,1754
1.0,2,15,poststim,20211003,4716
1.0,2,16,poststim,20211003,5676
1.0,2,17,poststim,20211003,2776
1.0,2,18,poststim,20211003,6120
1.0,2,19,poststim,20211003,3932
1.0,3,10,poststim,20211003,4004
1.0,3,11,poststim,20211003,5757
1.0,3,12,poststim,20211003,6280
1.0,3,13,poststim,20211003,1582
1.0,3,14,poststim,20211003,1708
1.0,3,15,poststim,20211003,2631
1.0,3,16,poststim,20211003,4888
1.0,3,17,poststim,20211003,7434
1.0,3,18,poststim,20211003,5721
1.0,3,19,poststim,20211003,6848
1.0,4,10,poststim,20211003,4410
1.0,4,11,poststim,20211003,2745
1.0,4,12,poststim,20211003,5745
1.0,4,13,poststim,20211003,2940
1.0,4,14,poststim,20211003,5127
1.0,4,15,poststim,20211003,5399
1.0,4,16,poststim,20211003,6367
1.0,4,17,poststim,20211003,6219
1.0,4,18,poststim,20211003,2874
1.0,4,19,poststim,20211003,6234
1.0,5,10,poststim,20211003,2805
1.0,5,11,poststim,20211003,6070
1.0,5,12,poststim,20211003,4684
1.0,5,13,poststim,20211003,3449
1.0,5,14,poststim,20211003,1954
1.0,5,15,poststim,20211003,6374
1.0,5,16,poststim,20211003,7015
1.0,5,17,poststim,20211003,2166
1.0,5,18,poststim,20211003,2729
1.0,5,19,poststim,20211003,4282
1.0,6,10,poststim,20211003,3529
1.0,6,11,poststim,20211003,2708
1.0,6,12,poststim,20211003,6047
1.0,6,13,poststim,20211003,6939
1.0,6,14,poststim,20211003,4774
1.0,6,15,poststim,20211003,4830
1.0,6,16,poststim,20211003,1751
1.0,6,17,poststim,20211003,5778
1.0,6,18,poststim,20211003,4466
1.0,6,19,poststim,20211003,4824
1.0,7,10,poststim,20211003,3049
1.0,7,11,poststim,20211003,5668
1.0,7,12,poststim,20211003,6502
1.0,7,13,poststim,20211003,2077
1.0,7,14,poststim,20211003,1635
1.0,7,15,poststim,20211003,4630
1.0,7,16,poststim,20211003,5764
1.0,7,17,poststim,20211003,5325
1.0,7,18,poststim,20211003,5609
1.0,7,19,poststim,20211003,2905
1.0,8,10,poststim,20211003,5825
1.0,8,11,poststim,20211003,6468
1.0,8,12,poststim,20211003,1755
1.0,8,13,poststim,20211003,5536
1.0,8,14,poststim,20211003,7072
1.0,8,15,poststim,20211003,6311
1.0,8,16,poststim,20211003,3688
1.0,8,17,poststim,20211003,6282
1.0,8,18,poststim,20211003,6538
1.0,8,19,poststim,20211003,2390
1.0,9,10,poststim,20211003,1597
1.0,9,11,poststim,20211003,3724
1.0,9,12,poststim,20211003,2146
1.0,9,13,poststim,20211003,6067
1.0,9,14,poststim,20211003,6702
1.0,9,15,poststim,20211003,5873
1.0,9,16,poststim,20211003,1949
1.0,9,17,poststim,20211003,3964
1.0,9,18,poststim,20211003,3674
1.0,9,19,poststim,20211003,4227
2.0,0,20,poststim,20211003,5476
2.0,0,21,poststim,20211003,3053
2.0,0,22,poststim,20211003,7043
2.0,0,23,poststim,20211003,5852
2.0,0,24,poststim,20211003,6020
2.0,0,25,poststim,20211003,5338
2.0,0,26,poststim,20211003,5200
2.0,0,27,poststim,20211003,2660
2.0,0,28,poststim,20211003,6520
2.0,0,29,poststim,20211003,3009
2.0,1,20,poststim,20211003,1956
2.0,1,21,poststim,20211003,3641
2.0,1,22,poststim,20211003,4763
2.0,1,23,poststim,20211003,6056
2.0,1,24,poststim,20211003,2560
2.0,1,25,poststim,20211003,2506
2.0,1,26,poststim,20211003,3916
2.0,1,27,poststim,20211003,3920
2.0,1,28,poststim,20211003,1817
2.0,1,29,poststim,20211003,1508
2.0,2,20,poststim,20211003,2227
2.0,2,21,poststim,20211003,4440
2.0,2,22,poststim,20211003,4628
2.0,2,23,poststim,20211003,5330
2.0,2,24,poststim,20211003,4477
2.0,2,25,poststim,20211003,3517
2.0,2,26,poststim,20211003,3580
2.0,2,27,poststim,20211003,2104
2.0,2,28,poststim,20211003,6201
2.0,2,29,poststim,20211003,5811
2.0,3,20,poststim,20211003,2397
2.0,3,21,poststim,20211003,1836
2.0,3,22,poststim,20211003,5333
2.0,3,23,poststim,20211003,4793
2.0,3,24,poststim,20211003,3906
2.0,3,25,poststim,20211003,7350
2.0,3,26,poststim,20211003,2999
2.0,3,27,poststim,20211003,5654
2.0,3,28,poststim,20211003,5367
2.0,3,29,poststim,20211003,4297
2.0,4,20,poststim,20211003,3050
2.0,4,21,poststim,20211003,4683
2.0,4,22,poststim,20211003,3475
2.0,4,23,poststim,20211003,5050
2.0,4,24,poststim,20211003,4423
2.0,4,25,poststim,20211003,7270
2.0,4,26,poststim,20211003,2035
2.0,4,27,poststim,20211003,7061
2.0,4,28,poststim,20211003,3280
2.0,4,29,poststim,20211003,3514
2.0,5,20,poststim,20211003,4795
2.0,5,21,poststim,20211003,3792
2.0,5,22,poststim,20211003,4960
2.0,5,23,poststim,20211003,4324
2.0,5,24,poststim,20211003,4675
2.0,5,25,poststim,20211003,1661
2.0,5,26,poststim,20211003,2746
2.0,5,27,poststim,20211003,2658
2.0,5,28,poststim,20211003,3025
2.0,5,29,poststim,20211003,4535
2.0,6,20,poststim,20211003,6132
2.0,6,21,poststim,20211003,6599
2.0,6,22,poststim,20211003,5108
2.0,6,23,poststim,20211003,6399
2.0,6,24,poststim,20211003,3794
2.0,6,25,poststim,20211003,1788
2.0,6,26,poststim,20211003,7325
2.0,6,27,poststim,20211003,3285
2.0,6,28,poststim,20211003,5095
2.0,6,29,poststim,20211003,2571
2.0,7,20,poststim,20211003,3082
2.0,7,21,poststim,20211003,3987
2.0,7,22,poststim,20211003,5858
2.0,7,23,poststim,20211003,5151
2.0,7,24,poststim,20211003,5752
2.0,7,25,poststim,20211003,5668
2.0,7,26,poststim,20211003,7457
2.0,7,27,poststim,20211003,4661
2.0,7,28,poststim,20211003,2897
2.0,7,29,poststim,20211003,4408
2.0,8,20,poststim,20211003,2063
2.0,8,21,poststim,20211003,3524
2.0,8,22,poststim,20211003,4012
2.0,8,23,poststim,20211003,4757
2.0,8,24,poststim,20211003,2497
2.0,8,25,poststim,20211003,3334
2.0,8,26,poststim,20211003,2133
2.0,8,27,poststim,20211003,5921
2.0,8,28,poststim,20211003,3808
2.0,8,29,poststim,20211003,4484
2.0,9,20,poststim,20211003,6310
2.0,9,21,poststim,20211003,4899
2.0,9,22,poststim,20211003,4893
2.0,9,23,poststim,20211003,5393
2.0,9,24,poststim,20211003,7440
2.0,9,25,poststim,20211003,7309
2.0,9,26,poststim,20211003,6088
2.0,9,27,poststim,20211003,4310
2.0,9,28,poststim,20211003,2815
2.0,9,29,poststim,20211003,4304
